Protein Name,Tiny,Small,Aliphatic,Aromatic,Non-Polar,Polar,Charged,Basic,Acidic,Molecular Weight,Charge,A280 Molar Extinction Coefficients,Improbability of expression in inclusion bodies,Isoelectric Point,CAI,Instability Index,Aliphatic Index,GRAVY,N-30 Disorder,GPC Content,Effector
SDY_0002,30,50,36.667,6.667,53.333,46.667,26.667,16.667,10,89180.3,2,0,0.571,5.47,0.727,28.46,94.33,-0.093,0.11698,52.6999594,FALSE
SDY_0004,23.333,43.333,26.667,13.333,50,50,20,13.333,6.667,47083.8,1.5,1490,0.862,5.24,0.762,5.12,78,-0.523,0.20696,52.91375291,FALSE
SDY_0019,26.667,43.333,30,30,63.333,36.667,20,13.333,6.667,34284.4,0.5,11460,0.498,5.64,0.698,57.44,78,-0.003,0.132866667,47.57174393,FALSE
SDY_0041,26.667,40,30,13.333,50,50,33.333,23.333,10,13833.7,2.5,1490,0.564,5.75,0.788,28.42,91,-0.317,0.191873333,52.49343832,FALSE
SDY_0054,43.333,56.667,36.667,6.667,60,40,20,10,10,41488.1,-0.5,0,0.498,6.01,0.751,-9.06,104,0.393,0.179306667,52.82854656,FALSE
SDY_0066,13.333,63.333,33.333,10,50,50,33.333,16.667,16.667,10478.9,-1,0,0.724,5.27,0.783,39.28,97,-0.233,0.23305,57.29166667,FALSE
SDY_0080,33.333,46.667,46.667,13.333,93.333,6.667,3.333,3.333,0,30565.3,1,12490,0.921,9.74,0.772,-3.16,149.33,1.527,0.20365,52.57352941,FALSE
SDY_0089,20,40,23.333,23.333,53.333,46.667,20,10,10,56104.9,-1,8480,0.888,5.95,0.815,24.67,81,-0.25,0.296333333,55.48902196,FALSE
SDY_0129,23.333,40,40,6.667,53.333,46.667,30,20,10,15176.3,2.5,0,0.675,5.11,0.724,40.12,104.33,-0.133,0.177476667,49.12280702,FALSE
SDY_0134,16.667,33.333,26.667,3.333,40,60,46.667,26.667,20,37397.6,2,0,0.553,6.1,0.778,78.59,97.33,-0.747,0.24318,50.95785441,FALSE
SDY_0145,20,50,46.667,0,60,40,36.667,10,26.667,65782.6,-5,0,0.742,5.09,0.802,40.83,136.33,0.393,0.123646667,54.54545455,FALSE
SDY_0178,56.667,60,50,0,60,40,10,6.667,3.333,49343.2,1,0,0.862,8.33,0.807,24.31,127.33,0.827,0.6349,53.75438596,FALSE
SDY_0248,20,43.333,40,10,50,50,30,10,20,20819.7,-3.5,1490,0.943,5.62,0.81,39.01,107.67,-0.323,0.313833333,50.43177893,FALSE
SDY_0276,36.667,46.667,46.667,13.333,73.333,26.667,20,6.667,13.333,26924,-2.5,0,0.97,6.3,0.772,36.05,120.67,1.01,0.136463333,54.21853389,FALSE
SDY_0309,23.333,46.667,30,10,56.667,43.333,13.333,6.667,6.667,32159.6,0,0,0.619,5.27,0.696,65.82,75,-0.203,0.201366667,54.33333333,FALSE
SDY_0311,30,53.333,16.667,6.667,56.667,43.333,23.333,13.333,10,36448.2,1,1490,0.96,5.19,0.73,27.35,61.67,-0.523,0.1184,53.53846154,FALSE
SDY_0397,20,36.667,30,16.667,53.333,46.667,23.333,10,13.333,18222.6,-1.5,1490,0.939,4.9,0.761,62.31,91,-0.083,0.18641,51.34575569,FALSE
SDY_0405,23.333,43.333,33.333,10,50,50,33.333,16.667,16.667,24518.8,-1.5,0,0.883,5.38,0.682,35.45,107,-0.203,0.165906667,56.76855895,FALSE
SDY_0409,20,46.667,36.667,6.667,56.667,43.333,10,3.333,6.667,25353.9,-1,1490,0.829,5.14,0.686,57.52,120.33,0.003,0.162396667,45.28023599,FALSE
SDY_0432,36.667,66.667,30,3.333,70,30,6.667,3.333,3.333,45642.6,0,5500,0.933,9.17,0.723,7.69,87.67,0.227,0.243173333,53.67362722,FALSE
SDY_0442,6.667,36.667,13.333,16.667,46.667,53.333,33.333,23.333,10,48466.7,3.5,1490,0.582,5.5,0.774,78.6,45.33,-1.28,0.4495,51.49425287,FALSE
SDY_0450,23.333,40,26.667,10,50,50,23.333,13.333,10,19858.8,1,2980,0.782,5.26,0.797,21.08,84.67,-0.557,0.206766667,53.62318841,FALSE
SDY_0460,30,36.667,23.333,3.333,36.667,63.333,43.333,23.333,20,20095.9,1,1490,0.56,6.19,0.694,62.01,62,-1.173,0.178806667,47.82608696,FALSE
SDY_0474,36.667,56.667,33.333,3.333,46.667,53.333,23.333,16.667,6.667,39056.5,2.5,0,0.79,6.07,0.761,66.32,107,-0.03,0.214486667,55.97826087,FALSE
SDY_0524,30,46.667,20,16.667,53.333,46.667,16.667,6.667,10,42931.6,-1,1490,0.621,5.49,0.742,70.78,45.67,-0.163,0.270226667,56.20748299,FALSE
SDY_0594,33.333,50,16.667,16.667,36.667,63.333,26.667,13.333,13.333,33298.4,-1,0,0.748,4.53,0.776,31.24,65,-0.527,0.434406667,51.53583618,FALSE
SDY_0609,26.667,60,40,10,66.667,33.333,23.333,10,13.333,27163.1,-2,0,0.936,5.18,0.799,31.52,113.67,0.587,0.094666667,53.12084993,FALSE
SDY_0610,26.667,53.333,36.667,6.667,60,40,13.333,6.667,6.667,44541.2,0,2980,0.731,6.92,0.783,1.25,104,-0.1,0.307556667,53.23505324,FALSE
SDY_0612,26.667,46.667,36.667,10,56.667,43.333,23.333,20,3.333,29803.2,4.5,5500,0.91,6.6,0.795,10.14,97.67,-0.123,0.17008,48.31460674,FALSE
SDY_0613,20,36.667,53.333,10,80,20,10,10,0,68313.8,3,0,0.77,5.78,0.783,67.28,162.67,1.243,0.111933333,54.54545455,FALSE
SDY_0685,20,33.333,53.333,6.667,73.333,26.667,13.333,6.667,6.667,25583.6,0,0,0.631,6.53,0.744,29.57,185.33,1.7,0.075893333,50.21645022,FALSE
SDY_0694,20,53.333,20,16.667,63.333,36.667,23.333,10,13.333,38281.8,-1,4470,0.629,5.12,0.694,40.24,55.33,-0.427,0.4951,50.38314176,FALSE
SDY_0707,33.333,46.667,30,3.333,46.667,53.333,13.333,6.667,6.667,54549.9,0,0,0.731,5.43,0.683,78.87,107.33,-0.097,0.079613333,52.54582485,FALSE
SDY_0738,13.333,40,43.333,13.333,80,20,6.667,6.667,0,30540.5,2,6990,0.69,9.81,0.705,70.34,149.33,1.213,0.228656667,54.96453901,FALSE
SDY_0750,23.333,40,36.667,6.667,50,50,33.333,23.333,10,20337.4,3.5,1490,0.915,7.86,0.654,40.76,97.67,-0.537,0.247436667,51.39664804,FALSE
SDY_0763,23.333,43.333,20,16.667,50,50,26.667,16.667,10,34153.4,1.5,1490,0.782,5.88,0.747,23.08,61.67,-0.43,0.241176667,54.36893204,FALSE
SDY_0779,26.667,50,26.667,6.667,43.333,56.667,33.333,26.667,6.667,17655.3,5.5,0,0.975,7.04,0.67,42.73,68,-0.753,0.5836,52.56410256,FALSE
SDY_0780,26.667,40,33.333,16.667,56.667,43.333,13.333,10,3.333,59764.2,2,6990,0.571,8.38,0.711,76.55,113.67,0.51,0.142733667,48.48484848,FALSE
SDY_0795,20,43.333,26.667,13.333,60,40,26.667,13.333,13.333,25471.7,-0.5,6990,0.621,6.16,0.73,55.46,74.67,-0.457,0.243263333,52.21238938,FALSE
SDY_0818,26.667,36.667,26.667,23.333,56.667,43.333,23.333,13.333,10,15347.7,0.5,19480,0.631,9.4,0.707,39.9,71.67,-0.393,0.086243333,52.02020202,FALSE
SDY_0824,36.667,56.667,23.333,3.333,40,60,26.667,10,16.667,18679.1,-2,0,0.61,5.73,0.765,66.13,74.67,-0.473,0.253763333,52.2417154,FALSE
SDY_0825,33.333,46.667,26.667,20,56.667,43.333,20,13.333,6.667,37274.3,2,4470,0.777,7.67,0.779,47.46,71.67,0.06,0.135653333,53.73737374,FALSE
SDY_0828,50,63.333,36.667,10,56.667,43.333,20,13.333,6.667,24124.4,1.5,1490,0.56,5.51,0.664,47.95,75,0.21,0.08512,54.12979351,FALSE
SDY_0833,16.667,50,20,13.333,50,50,36.667,20,16.667,17159.1,0,1490,0.739,4.98,0.78,35.14,74.67,-0.843,0.264666667,52.41090147,FALSE
SDY_0843,26.667,46.667,43.333,10,66.667,33.333,6.667,0,6.667,22418.6,-2,5500,0.51,8.54,0.714,26.93,140,1.003,0.084053667,51.92629816,FALSE
SDY_0852,46.667,73.333,30,10,66.667,33.333,10,0,10,166597.2,-3,1490,0.649,5.89,0.722,56.58,68.67,0.09,0.558633333,53.68770764,FALSE
SDY_0879,23.333,36.667,40,20,76.667,23.333,10,10,0,27885.3,2.5,17990,0.553,10.45,0.786,18.92,123.67,0.69,0.104793333,54.74254743,FALSE
SDY_0895,20,43.333,33.333,16.667,53.333,46.667,26.667,20,6.667,66533.2,3,1490,0.777,7.32,0.741,63.88,91,-0.193,0.181553333,53.20840432,FALSE
SDY_0896,26.667,46.667,36.667,3.333,53.333,46.667,30,20,10,25893.3,3,0,0.77,5.75,0.751,10.08,104,-0.21,0.130586667,53.01724138,FALSE
SDY_0904,33.333,53.333,53.333,3.333,73.333,26.667,10,10,0,21039.8,3,1490,0.542,10,0.714,59.16,149.67,1.067,0.380133333,46.7372134,FALSE
SDY_0937,30,46.667,40,6.667,56.667,43.333,26.667,20,6.667,78080.3,3.5,1490,0.77,8.12,0.722,17.22,110.67,-0.07,0.27685,52.50608273,FALSE
SDY_0956,23.333,40,40,6.667,66.667,33.333,13.333,3.333,10,47328,-2,0,0.61,5.55,0.648,87.15,127,0.557,0.481833333,53.79310345,FALSE
SDY_0978,40,60,43.333,3.333,60,40,6.667,3.333,3.333,45686.8,0,1490,0.619,5.38,0.753,21.28,110.67,0.39,0.440086667,51.52979066,FALSE
SDY_1002,16.667,40,33.333,13.333,66.667,33.333,13.333,6.667,6.667,20702.3,0,2980,0.731,4.21,0.717,46.66,123.33,0.43,0.15845,54.05405405,FALSE
SDY_1003,33.333,50,30,20,50,50,23.333,16.667,6.667,26818.4,1.5,4470,0.631,5.63,0.75,47.56,71.67,-0.33,0.20141,47.96747967,FALSE
SDY_1039,23.333,43.333,36.667,6.667,53.333,46.667,23.333,6.667,16.667,24290.8,-3,6990,0.979,5.24,0.579,26.12,113.67,-0.07,0.053463333,44.08602151,FALSE
SDY_1067,20,53.333,30,10,53.333,46.667,23.333,16.667,6.667,4219.8,2.5,2980,0.868,9.4,0.697,36,97.33,-0.463,0.400766667,46.49122807,FALSE
SDY_1088,23.333,40,20,20,63.333,36.667,26.667,13.333,13.333,56585.2,-0.5,13980,0.498,4.49,0.773,41.03,58.67,-0.74,0.141946667,49.8655914,FALSE
SDY_1128,23.333,50,40,3.333,53.333,46.667,33.333,16.667,16.667,8846.2,0,0,0.741,9.15,0.71,-5.25,97.67,-0.193,0.429766667,48.48484848,FALSE
SDY_1130,30,53.333,43.333,0,63.333,36.667,23.333,6.667,16.667,25133,-3,0,0.968,7.09,0.757,19.74,146,0.813,0.06847,51.73453997,FALSE
SDY_1141,30,53.333,33.333,0,43.333,56.667,33.333,23.333,10,51387.1,4,0,0.91,6.23,0.752,67.93,94.33,-0.577,0.265093333,52.5987526,FALSE
SDY_1142,20,40,13.333,23.333,46.667,53.333,36.667,23.333,13.333,37383.3,2,12490,0.921,9.69,0.748,28.44,39,-1.19,0.303825667,51.54320988,FALSE
SDY_1205,20,33.333,40,6.667,50,50,33.333,23.333,10,10234.9,4,0,0.976,5.15,0.695,56.63,114,-0.153,0.33966,44.19475655,FALSE
SDY_1231,26.667,46.667,30,20,63.333,36.667,20,16.667,3.333,22240.5,3.5,12490,0.542,9.16,0.684,36.71,84.67,0.013,0.372633333,50.55096419,FALSE
SDY_1232,36.667,43.333,36.667,13.333,63.333,36.667,20,16.667,3.333,33575.4,3,1490,0.571,5.81,0.722,40.15,104.33,0.23,0.189296667,53.22404372,FALSE
SDY_1241,36.667,50,50,10,73.333,26.667,10,6.667,3.333,34762.8,0.5,1490,0.5,9.32,0.652,8.62,140,1.237,0.144646667,54.02650357,FALSE
SDY_1246,36.667,53.333,40,6.667,73.333,26.667,10,10,0,63665.8,3,0,0.542,5.52,0.729,97.92,94.67,0.723,0.4913,51.70789164,FALSE
SDY_1248,30,50,26.667,3.333,53.333,46.667,30,16.667,13.333,11886.5,1,0,0.782,5.76,0.726,5.84,68.33,-0.577,0.249566667,55.6547619,FALSE
SDY_1253,36.667,56.667,43.333,13.333,70,30,16.667,10,6.667,21138.4,0.5,6990,0.619,9.04,0.707,7.96,104.33,0.41,0.055883333,49.91452991,FALSE
SDY_1256,33.333,53.333,33.333,6.667,60,40,20,10,10,34218.2,0,1490,0.731,5.23,0.789,19.1,81.67,-0.203,0.167773333,52.6371308,FALSE
SDY_1257,30,43.333,23.333,16.667,53.333,46.667,16.667,13.333,3.333,30952.4,2.5,8480,0.571,5.22,0.664,33.27,71.67,-0.557,0.10541,53.05164319,FALSE
SDY_1258,30,56.667,43.333,3.333,73.333,26.667,13.333,10,3.333,23596.8,2,0,0.69,8.78,0.72,41.11,133.33,0.813,0.408166667,51.12179487,FALSE
SDY_1288,36.667,60,46.667,0,70,30,16.667,16.667,0,32942.2,5,0,0.95,5.11,0.74,21.67,114,0.567,0.231456667,46.64466447,FALSE
SDY_1317,33.333,66.667,30,6.667,53.333,46.667,16.667,6.667,10,14230.5,-1.5,0,0.61,7.72,0.691,54.67,81.33,-0.117,0.288516667,48.62155388,FALSE
SDY_1334,40,63.333,30,16.667,50,50,23.333,10,13.333,32626,-2.5,2980,0.979,6.49,0.698,39.78,81.33,-0.093,0.138316667,54.08163265,FALSE
SDY_1416,16.667,33.333,40,6.667,63.333,36.667,30,13.333,16.667,19225,-1,5500,0.893,7.75,0.687,45.93,130,0.247,0.111253333,53.48837209,FALSE
SDY_1426,10,26.667,23.333,3.333,33.333,66.667,33.333,23.333,10,35516.8,4,1490,0.91,5.95,0.756,72.47,78,-1.507,0.241563333,49.03846154,FALSE
SDY_1436,40,60,23.333,6.667,46.667,53.333,26.667,13.333,13.333,30675.3,0,2980,0.892,9.02,0.683,56.99,62,-0.607,0.560566667,49.27007299,FALSE
SDY_1461,43.333,66.667,40,6.667,63.333,36.667,10,3.333,6.667,128908.4,-1,1490,0.739,5.54,0.758,22.37,107.33,0.713,0.17222,53.30496454,FALSE
SDY_1509,40,50,26.667,6.667,53.333,46.667,20,13.333,6.667,36673.2,1.5,1490,0.96,5.29,0.783,34.83,91,-0.013,0.291966667,55.07662835,FALSE
SDY_1510,23.333,43.333,36.667,10,63.333,36.667,33.333,23.333,10,73248.9,3.5,0,0.666,8.73,0.744,9.31,101,-0.05,0.150786667,55.09683996,FALSE
SDY_1530,40,56.667,33.333,0,56.667,43.333,16.667,10,6.667,38445.8,1,0,0.96,6.02,0.751,47.3,100.67,0.333,0.285833333,55.36231884,FALSE
SDY_1587,20,46.667,23.333,23.333,56.667,43.333,16.667,13.333,3.333,77441.5,1.5,2980,0.731,5.39,0.721,57.74,68.33,-0.347,0.236933333,49.95112414,FALSE
SDY_1610,36.667,50,16.667,10,40,60,36.667,26.667,10,15101.1,4,5500,0.582,5.89,0.751,27.76,48.67,-1.133,0.5113,50.46296296,FALSE
SDY_1615,33.333,46.667,26.667,3.333,36.667,63.333,36.667,20,16.667,52684.1,1,0,0.782,5.28,0.793,53.3,81.33,-0.617,0.417833333,53.60456817,FALSE
SDY_1625,23.333,46.667,36.667,13.333,60,40,26.667,13.333,13.333,28980.8,-0.5,6990,0.498,4.78,0.711,70.76,97.67,-0.143,0.20194,54.80895916,FALSE
SDY_1633,36.667,56.667,40,6.667,56.667,43.333,20,10,10,32428.9,-0.5,0,0.732,6.37,0.705,14.65,88,0.15,0.07137,53.51473923,FALSE
SDY_1710,36.667,60,46.667,3.333,73.333,26.667,10,6.667,3.333,20891.1,1,0,0.782,9.55,0.72,11.56,130,1.157,0.374866667,53.60824742,FALSE
SDY_1720,33.333,53.333,23.333,13.333,63.333,36.667,16.667,13.333,3.333,48922.6,2.5,0,0.925,5.11,0.796,14.23,71.33,0.357,0.132283333,53.84615385,FALSE
SDY_1725,36.667,50,46.667,16.667,66.667,33.333,20,13.333,6.667,19248.6,1.5,8480,0.564,5.69,0.744,29.19,101.33,0.417,0.145163333,53.17919075,FALSE
SDY_1730,23.333,50,30,6.667,56.667,43.333,23.333,10,13.333,50881.1,-1.5,1490,0.51,5.73,0.743,20.52,97.33,-0.353,0.193236667,53.05263158,FALSE
SDY_1751,26.667,43.333,36.667,10,50,50,26.667,13.333,13.333,20596.3,-1,1490,0.939,5.66,0.734,19.48,113.67,0.1,0.068753333,44.25925926,FALSE
SDY_1809,40,63.333,53.333,3.333,56.667,43.333,23.333,10,13.333,36787.7,-1.5,0,0.888,5.79,0.811,30.73,117.33,0.44,0.186973333,54.06504065,FALSE
SDY_1827,33.333,56.667,26.667,3.333,46.667,53.333,26.667,13.333,13.333,50555,0,5500,0.731,6.22,0.74,49.58,68.33,-0.623,0.106153333,53.91737892,FALSE
SDY_1847,40,56.667,33.333,13.333,70,30,13.333,10,3.333,38271.4,1.5,2980,0.978,5.49,0.705,43.24,97.67,0.327,0.096493333,53.0259366,FALSE
SDY_1860,30,43.333,43.333,0,50,50,26.667,10,16.667,47539,-2,0,0.939,5.59,0.79,45.24,114,-0.143,0.240333333,52.07843137,FALSE
SDY_1863,33.333,60,33.333,6.667,56.667,43.333,26.667,13.333,13.333,39524.3,-0.5,0,0.498,5.84,0.686,13.96,103.67,0.35,0.154293333,55.31531532,FALSE
SDY_1884,36.667,63.333,36.667,6.667,43.333,56.667,26.667,20,6.667,38173.8,3.5,0,0.852,6.73,0.801,29.71,87.67,-0.037,0.080653333,53.50877193,FALSE
SDY_1887,33.333,56.667,33.333,6.667,53.333,46.667,23.333,6.667,16.667,43899.9,-3,6990,0.715,5.82,0.747,71.94,94.33,-0.08,0.381666667,47.60661445,FALSE
SDY_2011,26.667,43.333,30,13.333,46.667,53.333,16.667,10,6.667,36307.6,0,6990,0.621,5.06,0.776,57.63,91,-0.397,0.18267,54.6184739,FALSE
SDY_2044,20,50,13.333,20,46.667,53.333,20,13.333,6.667,32467.4,1.5,0,0.978,9.77,0.655,67.91,48.67,-0.547,0.3841,52.96969697,FALSE
SDY_2096,43.333,56.667,43.333,10,76.667,23.333,10,6.667,3.333,40842.9,1,4470,0.921,5.14,0.727,21.08,114,0.75,0.106,52.18945487,FALSE
SDY_2144,23.333,43.333,33.333,16.667,60,40,20,10,10,31496.8,-0.5,1490,0.732,5.29,0.735,61.57,81.67,-0.157,0.328266667,55.02824859,FALSE
SDY_2210,13.333,50,40,10,60,40,20,10,10,32826.9,0,1490,0.731,8.88,0.548,23.14,142.67,0.733,0.093466667,30.03533569,FALSE
SDY_2212,33.333,53.333,33.333,3.333,60,40,13.333,10,3.333,51499.3,2,1490,0.868,5.04,0.787,77.67,97.33,0.21,0.137636667,50.74626866,FALSE
SDY_2222,33.333,46.667,26.667,0,43.333,56.667,33.333,20,13.333,33380.7,2,0,0.571,5.45,0.78,19.79,84.67,-0.597,0.185993333,53.66666667,FALSE
SDY_2277,46.667,60,36.667,3.333,56.667,43.333,16.667,10,6.667,28663.6,1,0,0.921,5.73,0.693,23.86,94.67,0.167,0.167383333,55.18102372,FALSE
SDY_2319,33.333,46.667,30,6.667,53.333,46.667,23.333,16.667,6.667,21237.2,3,1490,0.797,6.22,0.706,66.09,94.33,-0.213,0.142166667,53.29861111,FALSE
SDY_2340,23.333,53.333,36.667,6.667,70,30,16.667,13.333,3.333,27609.5,3,1490,0.7,5.42,0.771,18.35,113.67,0.46,0.144766667,53.27978581,FALSE
SDY_2346,26.667,40,33.333,3.333,43.333,56.667,33.333,16.667,16.667,10651.1,-0.5,0,0.893,9.34,0.691,73.89,94.33,-0.373,0.18342,48.77192982,FALSE
SDY_2380,16.667,46.667,23.333,10,50,50,36.667,16.667,20,12179,-1,6990,0.732,4.94,0.683,28.14,65,-0.847,0.54195,45.17133956,FALSE
SDY_2429,23.333,50,16.667,16.667,50,50,20,10,10,43517.2,0,2980,0.619,4.69,0.826,40.78,39,-0.713,0.26181,51.37046861,FALSE
SDY_2476,30,43.333,50,16.667,73.333,26.667,13.333,10,3.333,19874.6,1,1490,0.741,5.51,0.748,31.31,149.67,1.31,0.132666667,52.79279279,FALSE
SDY_2484,40,46.667,43.333,16.667,73.333,26.667,10,6.667,3.333,16457.3,0,5500,0.823,9.87,0.776,40.17,123.67,1.543,0.23468,53.37837838,FALSE
SDY_2514,30,43.333,33.333,10,50,50,20,13.333,6.667,45378.6,1.5,6990,0.921,5.59,0.753,49.3,110.67,-0.077,0.313876667,55.79196217,FALSE
SDY_2520,33.333,70,16.667,0,66.667,33.333,3.333,0,3.333,36694.3,-1,0,0.7,9.33,0.666,52.85,55.33,-0.727,0.7623,51.90763052,FALSE
SDY_2588,40,50,36.667,6.667,63.333,36.667,20,16.667,3.333,44207.6,4,1490,0.762,9.78,0.707,32.09,81.67,0.147,0.352316667,53.18805488,FALSE
SDY_2633,43.333,50,33.333,3.333,53.333,46.667,16.667,16.667,0,31426.1,5,0,0.906,10.1,0.736,59.31,97.67,0.213,0.529166667,50.11494253,FALSE
SDY_2742,33.333,53.333,40,10,60,40,20,10,10,43806.6,-0.5,1490,0.893,5.48,0.783,14.56,110.67,0.37,0.163126667,52.56087322,FALSE
SDY_2747,26.667,40,43.333,6.667,66.667,33.333,20,16.667,3.333,141430.8,4,0,0.846,5.23,0.793,64.11,117.33,0.433,0.22981,56.81584362,FALSE
SDY_2752,30,56.667,33.333,3.333,53.333,46.667,16.667,6.667,10,16399.9,-1,1490,0.498,9.61,0.635,13.02,104,-0.057,0.1504,50.34013605,FALSE
SDY_2761,26.667,36.667,26.667,23.333,56.667,43.333,23.333,13.333,10,15363.7,0.5,19480,0.631,9.4,0.699,39.9,71.67,-0.393,0.100513333,52.02020202,FALSE
SDY_2805,30,56.667,43.333,6.667,63.333,36.667,20,10,10,26399.2,-0.5,1490,0.621,5.61,0.804,55.97,114,0.12,0.1779,56.83060109,FALSE
SDY_2806,30,43.333,20,16.667,50,50,26.667,10,16.667,27390.6,-2.5,11000,0.883,9.77,0.7,55.79,61.67,-0.367,0.103993333,53.77229081,FALSE
SDY_2893,36.667,50,30,16.667,46.667,53.333,23.333,16.667,6.667,95988.3,2,0,0.862,5.53,0.781,42.14,78,0.06,0.225453333,53.51577347,FALSE
SDY_2922,20,30,23.333,20,43.333,56.667,33.333,20,13.333,17669,1,13980,0.741,5.77,0.763,84.06,71.67,-0.957,0.32413,50,FALSE
SDY_3008,13.333,40,33.333,16.667,56.667,43.333,30,13.333,16.667,29598.6,-1.5,17990,0.888,6.57,0.722,64.3,110.33,-0.28,0.08578,53.12899106,FALSE
SDY_3014,36.667,53.333,23.333,13.333,60,40,16.667,13.333,3.333,48752.9,2.5,0,0.925,5.5,0.797,17.06,74.67,0.303,0.122843333,54.60526316,FALSE
SDY_3024,26.667,43.333,30,6.667,56.667,43.333,33.333,16.667,16.667,41891.1,0,0,0.631,7.04,0.765,45.81,81.33,-0.18,0.281043333,52.13442325,FALSE
SDY_3026,30,46.667,40,10,56.667,43.333,30,20,10,34417.5,2.5,0,0.553,9.06,0.675,75.84,94.67,-0.103,0.132776667,49.01960784,FALSE
SDY_3044,26.667,40,20,6.667,43.333,56.667,26.667,13.333,13.333,30492.7,0,1490,0.5,5.74,0.792,-9.47,74.67,-0.66,0.14986,51.06918239,FALSE
SDY_3052,40,56.667,30,13.333,53.333,46.667,16.667,10,6.667,41570.5,0.5,5500,0.822,9.3,0.732,26.52,78,0.247,0.20352,55.360134,FALSE
SDY_3056,36.667,46.667,46.667,16.667,60,40,23.333,16.667,6.667,34422.6,1,0,0.893,6.64,0.66,62.45,117.33,0.63,0.080013333,53.20512821,FALSE
SDY_3155,30,50,36.667,6.667,60,40,26.667,20,6.667,37313.4,4,1490,0.762,6.26,0.707,37.23,100.67,-0.04,0.07173,51.2745098,FALSE
SDY_3158,26.667,63.333,46.667,6.667,63.333,36.667,10,0,10,30923,-3,6990,0.715,8.85,0.753,16.64,136.33,0.613,0.149746,49.94192799,FALSE
SDY_3170,26.667,33.333,13.333,3.333,40,60,23.333,16.667,6.667,21155.5,3,1490,0.852,6.29,0.651,100.78,32.67,-1.317,0.292173333,50.81967213,FALSE
SDY_3202,20,36.667,10,23.333,46.667,53.333,40,20,20,45025,-1,8480,0.816,4.7,0.77,15.78,26,-1.27,0.164436667,50.64599483,FALSE
SDY_3210,33.333,56.667,23.333,6.667,50,50,23.333,10,13.333,70257.9,-1,2980,0.732,5.44,0.779,72.68,65,-0.58,0.134486667,53.88272583,FALSE
SDY_3214,23.333,40,30,10,63.333,36.667,26.667,10,16.667,24775.6,-2,5500,0.816,6.25,0.73,32.01,113.67,0.47,0.067323333,51.66666667,FALSE
SDY_3220,50,56.667,43.333,3.333,66.667,33.333,10,10,0,51778,3,0,0.582,5.77,0.718,51.66,98,0.5,0.329533333,56.26326964,FALSE
SDY_3248,30,46.667,33.333,6.667,56.667,43.333,26.667,6.667,20,36008.4,-4,2980,0.971,5.92,0.753,33.15,107.33,-0.05,0.106953333,57.3964497,FALSE
SDY_3309,23.333,40,36.667,10,60,40,30,16.667,13.333,35232.4,0.5,2980,0.741,5.75,0.749,83.85,110.67,-0.013,0.21504,46.26262626,FALSE
SDY_3337,33.333,56.667,46.667,3.333,73.333,26.667,20,6.667,13.333,37014,-2,1490,0.724,6.5,0.775,28.32,120.67,0.43,0.117876667,57.22891566,FALSE
SDY_3367,33.333,46.667,26.667,10,50,50,26.667,16.667,10,11564.3,1.5,1490,0.782,9.85,0.785,50.04,74.67,-0.463,0.08856,48.3974359,FALSE
SDY_3383,23.333,26.667,36.667,0,50,50,10,10,0,54051.8,3,0,0.852,4.6,0.709,81.3,123.67,-0.12,0.14886,52.51046025,FALSE
SDY_3419,30,43.333,33.333,10,56.667,43.333,23.333,16.667,6.667,34516,3,0,0.852,8.33,0.708,61.45,78,0.23,0.126766667,52.90322581,FALSE
SDY_3460,40,56.667,26.667,6.667,53.333,46.667,26.667,20,6.667,19872.9,3.5,0,0.7,8.57,0.7,47.13,68.33,-0.273,0.25236,50.09208103,FALSE
SDY_3463,10,40,40,3.333,50,50,36.667,20,16.667,19328.4,0.5,0,0.631,5.23,0.769,68.62,120,-0.32,0.15133,46.2745098,FALSE
SDY_3498,13.333,36.667,40,13.333,60,40,23.333,16.667,6.667,18337.9,2.5,2980,0.571,4.61,0.683,0.25,130,0.063,0.110934333,42.13836478,FALSE
SDY_3501,43.333,53.333,30,6.667,46.667,53.333,26.667,20,6.667,77581.3,3.5,1490,0.77,5.24,0.801,36.97,78.33,-0.423,0.195223333,50.82742317,FALSE
SDY_3528,26.667,50,36.667,3.333,60,40,26.667,6.667,20,12284,-4,5500,0.943,5.07,0.831,47.61,117,0.257,0.185816667,55.96330275,FALSE
SDY_3530,23.333,46.667,33.333,6.667,60,40,36.667,20,16.667,50008.4,0.5,0,0.631,5.97,0.749,26.47,104,-0.1,0.077683333,53.8573508,FALSE
SDY_3616,26.667,50,16.667,6.667,53.333,46.667,26.667,23.333,3.333,21707.6,5.5,5500,0.717,5.95,0.734,43.42,61.67,-1.023,0.350563333,54.1038526,FALSE
SDY_3621,26.667,56.667,26.667,6.667,56.667,43.333,26.667,13.333,13.333,9094.5,-0.5,0,0.621,5.18,0.73,55.26,84.33,0.053,0.189156667,51.62601626,FALSE
SDY_3673,20,56.667,26.667,13.333,53.333,46.667,23.333,6.667,16.667,59714.6,-3.5,4470,0.877,5.54,0.797,17.33,84.33,-0.55,0.327513333,53.17313617,FALSE
SDY_3728,20,46.667,36.667,0,46.667,53.333,36.667,13.333,23.333,24613.5,-3,0,0.968,7.73,0.728,48.56,110.67,-0.5,0.214763333,58.63095238,FALSE
SDY_3807,30,40,40,6.667,56.667,43.333,16.667,10,6.667,33567.8,1,5500,0.56,9.18,0.718,58.84,114,0.22,0.181496667,53.72168285,FALSE
SDY_3820,30,63.333,36.667,13.333,60,40,16.667,10,6.667,27698.8,0.5,11000,0.5,5.89,0.72,1.93,97.33,0.283,0.124583333,53.145917,FALSE
SDY_3838,23.333,40,20,23.333,50,50,30,16.667,13.333,23093,-0.5,4470,0.888,6.45,0.842,76.69,58.67,-0.707,0.0673,53.9452496,FALSE
SDY_3878,26.667,53.333,26.667,13.333,50,50,20,10,10,23560.8,-1,1490,0.724,6.85,0.735,48.45,78,-0.293,0.29729,51.50078989,FALSE
SDY_3879,20,50,33.333,16.667,66.667,33.333,10,6.667,3.333,103147,0.5,4470,0.892,5.43,0.747,28.3,104,0.09,0.13646,51.95550771,FALSE
SDY_3918,23.333,36.667,13.333,20,46.667,53.333,26.667,13.333,13.333,38994.2,0,11000,0.741,7.31,0.71,26.41,23,-1.02,0.391333333,53.56793744,FALSE
SDY_3962,33.333,50,40,6.667,60,40,26.667,20,6.667,43722.2,4,1490,0.953,6.02,0.711,48.81,97.67,0.23,0.330763333,52.34441603,FALSE
SDY_3967,40,56.667,13.333,6.667,36.667,63.333,23.333,16.667,6.667,3750.2,3,1490,0.929,10.79,0.595,88.46,39,-0.997,0.5716,49.01960784,FALSE
SDY_3976,36.667,56.667,40,6.667,66.667,33.333,20,6.667,13.333,56216.2,-2,2980,0.724,5.62,0.783,57.42,81.67,-0.183,0.337466667,58.70550162,FALSE
SDY_4016,23.333,63.333,46.667,6.667,70,30,20,6.667,13.333,50267.3,-2,1490,0.939,4.93,0.794,20.65,120,0.623,0.2823,54.88069414,FALSE
SDY_4050,26.667,33.333,23.333,10,43.333,56.667,33.333,13.333,20,43145,-2,1490,0.939,5.64,0.804,19.94,71.67,-0.747,0.187433333,53.96825397,FALSE
SDY_4080,43.333,53.333,40,3.333,63.333,36.667,6.667,6.667,0,23650.7,2,1490,0.868,5.9,0.74,22.8,114,0.423,0.180676667,48.71794872,FALSE
SDY_4184,23.333,33.333,30,10,56.667,43.333,16.667,6.667,10,52535.8,-1,11000,0.732,8.77,0.733,96.37,97.67,-0.053,0.116543333,53.49002849,FALSE
SDY_4186,23.333,40,26.667,13.333,56.667,43.333,16.667,13.333,3.333,13789.2,3,0,0.77,11.81,0.656,47.07,78,-0.09,0.192906667,55.55555556,FALSE
SDY_4211,23.333,36.667,33.333,13.333,60,40,20,13.333,6.667,22502,2,1490,0.69,4.99,0.734,24.29,123.33,0.567,0.159093333,51.88834154,FALSE
SDY_4213,36.667,56.667,40,6.667,56.667,43.333,23.333,13.333,10,68986.7,0,0,0.732,6.26,0.749,13.28,110.67,0.15,0.107026667,56.47696477,FALSE
SDY_4284,30,53.333,23.333,6.667,53.333,46.667,26.667,16.667,10,54865.7,2,0,0.925,6.81,0.775,98.32,68,-0.267,0.23732,55.42328042,FALSE
SDY_4310,26.667,43.333,23.333,6.667,43.333,56.667,33.333,16.667,16.667,32378.4,0,2980,0.822,9.59,0.744,83.04,78,-0.783,0.120476667,51.54639175,FALSE
SDY_4348,16.667,30,23.333,13.333,40,60,36.667,16.667,20,11032.8,-2,1490,0.97,7.88,0.622,25.9,87.67,-0.59,0.451066667,43.64261168,FALSE
SDY_4350,13.333,40,36.667,13.333,53.333,46.667,26.667,16.667,10,35462.5,1,1490,0.631,5.26,0.702,43.57,113.67,-0.16,0.19033,51.8974359,FALSE
SDY_4353,23.333,50,16.667,16.667,50,50,33.333,13.333,20,21112.1,-2.5,13980,0.883,6.2,0.737,38.07,48.67,-1.043,0.131893333,50.53191489,FALSE
SDY_4369,20,40,26.667,16.667,56.667,43.333,26.667,13.333,13.333,15187,-1,2980,0.939,5.23,0.817,66.52,74.67,-0.22,0.161153333,52.77777778,FALSE
SDY_4382,40,53.333,43.333,6.667,66.667,33.333,10,3.333,6.667,29798.5,-1.5,1490,0.816,5.14,0.731,53.32,120.33,0.807,0.086286667,54.23925668,FALSE
SDY_4385,26.667,60,33.333,3.333,60,40,20,6.667,13.333,27189.8,-2,1490,0.888,5.59,0.76,1.25,87.67,0.03,0.20332,54.65587045,FALSE
SDY_4437,23.333,40,26.667,20,56.667,43.333,30,20,10,14930.3,3,15470,0.915,10.31,0.673,70.75,65,-0.7,0.125776667,53.96825397,FALSE
SDY_4455,36.667,46.667,50,6.667,66.667,33.333,10,6.667,3.333,49780.7,1,0,0.862,4.77,0.769,62.83,149.67,1.477,0.09216,50.89285714,FALSE
SDY_4462,16.667,56.667,43.333,3.333,66.667,33.333,23.333,6.667,16.667,19703.5,-3,1490,0.809,5.03,0.805,73.82,130,0.27,0.138273333,51.78907721,FALSE
SDY_4476,26.667,36.667,26.667,23.333,56.667,43.333,23.333,13.333,10,15303.6,0.5,19480,0.631,9.4,0.696,39.9,71.67,-0.393,0.10137,51.76767677,FALSE
SDY_4495,26.667,50,30,10,43.333,56.667,33.333,20,13.333,11524.3,2,1490,0.675,9.84,0.621,21.24,58.67,-0.777,0.2462,43.89438944,FALSE
SDY_4509,13.333,46.667,40,3.333,50,50,33.333,23.333,10,103924.5,3.5,0,0.77,6.19,0.769,17.91,133,-0.097,0.177283333,55.50832448,FALSE
SDY_4537,23.333,40,26.667,20,56.667,43.333,30,20,10,14858.3,3,15470,0.915,10.43,0.673,70.75,65,-0.7,0.127083333,54.4973545,FALSE
SDY_4613,36.667,43.333,43.333,23.333,73.333,26.667,10,6.667,3.333,85552.1,1,17990,0.681,6.1,0.758,34.9,107.67,0.863,0.291876667,52.18150087,FALSE
SDY_4616,33.333,63.333,40,6.667,56.667,43.333,26.667,13.333,13.333,19469.1,-1,0,0.816,5.16,0.7,33.09,110.33,0.203,0.360633333,56.11111111,FALSE
SDY_4618,53.333,73.333,23.333,6.667,50,50,16.667,13.333,3.333,9898.3,2.5,1490,0.962,10.32,0.696,42.11,52,-0.25,0.268666667,51.8115942,FALSE
SDY_p003,6.667,33.333,16.667,16.667,46.667,53.333,33.333,23.333,10,25661.1,4,2980,0.846,7.05,0.604,23.9,58.33,-0.953,0.3603,34.21052632,TRUE
SDY_p010,40,63.333,13.333,6.667,33.333,66.667,16.667,10,6.667,65285.3,1,0,0.907,9.07,0.572,84.87,48.67,-0.437,0.586566667,33.21698662,TRUE
SDY_p013,16.667,46.667,33.333,0,53.333,46.667,23.333,13.333,10,27899.8,1,0,0.96,8.2,0.543,56.58,113.67,-0.113,0.576333333,37.77777778,TRUE
SDY_p023,26.667,56.667,23.333,10,46.667,53.333,16.667,13.333,3.333,24838.1,2,1490,0.842,6.45,0.573,56.16,71.67,-0.787,0.453766667,35.98820059,TRUE
SDY_p025,26.667,40,26.667,16.667,56.667,43.333,20,13.333,6.667,21916,1.5,1490,0.96,8.96,0.617,10.99,100.67,0.353,0.273133333,32.8125,TRUE
SDY_p038,36.667,63.333,20,13.333,36.667,63.333,13.333,10,3.333,64512.1,1,1490,0.933,5.29,0.608,63.74,71.33,-0.347,0.338496667,46.17196702,TRUE
SDY_p046,23.333,46.667,33.333,3.333,53.333,46.667,10,3.333,6.667,10015.4,-1,0,0.629,6.18,0.547,77.58,123.33,0.347,0.365833333,34.45692884,TRUE
SDY_p056,20,43.333,23.333,13.333,40,60,26.667,16.667,10,61313.9,1.5,1490,0.921,5.93,0.549,69.2,84.33,-0.507,0.4409,36.42424242,TRUE
SDY_p101,30,53.333,26.667,10,53.333,46.667,13.333,6.667,6.667,22570.4,-0.5,0,0.829,4.5,0.601,36.87,91,0.057,0.500533333,35.70219966,TRUE
SDY_p151,16.667,63.333,30,3.333,43.333,56.667,26.667,16.667,10,55629.9,1.5,0,0.96,8.57,0.617,15.39,84.33,-0.79,0.4901,31.13402062,TRUE
SDY_p160,16.667,46.667,20,10,40,60,30,16.667,13.333,25177.7,0.5,1490,0.619,5.82,0.54,39.77,58.33,-1.017,0.404066667,37.28070175,TRUE
SDY_p163,40,56.667,16.667,13.333,33.333,66.667,20,13.333,6.667,70207.6,1.5,2980,0.96,6.27,0.564,72.92,42.33,-0.917,0.713833333,35.59411146,TRUE
SDY_p164,53.333,80,13.333,3.333,26.667,73.333,3.333,0,3.333,36704,-1,0,0.929,5.69,0.589,40.36,48.67,-0.537,0.8006,35.33533534,TRUE
SDY_p165,36.667,46.667,13.333,3.333,23.333,76.667,20,10,10,38754.3,0,1490,0.731,7.84,0.574,48.59,52,-1.17,0.694,38.46153846,TRUE
SDY_p166,43.333,63.333,36.667,3.333,50,50,13.333,6.667,6.667,62190.4,-0.5,0,0.629,8.53,0.559,39.58,101,0.063,0.6193,37.80837636,TRUE
SDY_p168,13.333,40,33.333,10,53.333,46.667,20,16.667,3.333,23632.1,3.5,0,0.7,9.45,0.567,56.75,113.67,-0.04,0.34386,33.97129187,TRUE
SDY_p170,23.333,50,33.333,6.667,53.333,46.667,26.667,13.333,13.333,56347.2,-0.5,0,0.629,9.34,0.588,8.04,113.67,0.05,0.419986667,33.73737374,TRUE
SDY_p171,36.667,50,16.667,13.333,40,60,23.333,13.333,10,59905.6,0,1490,0.829,9.45,0.565,53.98,52,-0.897,0.6144,35.55967842,TRUE
SDY_p211,36.667,60,10,10,26.667,73.333,20,10,10,44722.6,0,12490,0.942,5.5,0.564,71.24,32.33,-1.167,0.519766667,35.24522028,TRUE
